{
  "lgops-2": [
    {
      "PutRequest": {
        "Item": {
          "type": { "S": "moduleConfigVersion" },
          "id": { "N": "944354136" },
          "moduleConfig": { "S": "MetaData:\\n  name: S3CSVDataLoader\\n  description: Load CSV Data From S3\\n  id: 123e4567-e89b-12d3-a456-426614174000\\n  type: function\\n  resource: ${context['step_execution']['resource_names'].output()['Payload']['S3CSVDataLoader']}\\n\\nDeployment:\\n  ArtifactLocation: cdk-modules-s3workflowbaselocationb2150c8a-1a6i3gaajw23j\\n  ArtifactName: DataValidator-dev-DataValidator-05da1c68-5915-4009-be08-40bf33dd0e01.zip\\n  Memory: 1024\\n  runTime: python3.6\\n  layers: arn:aws:lambda:us-east-1:296528901143:layer:aws-data-wrangler:6\\n  handler: handler.main\\n\\ninputs:\\n  FilePath: ${context['pipeline_execution']['BaseLocation']}\\n  FileName: batch_data.csv\\n  FileSourceType: S3\\n  ContentType: text/csv\\n  Encoding: UTF-8\\n  Fields:\\n    need:\\n      - id\\n      - diagnosis\\n      - radius_mean\\n      - texture_mean\\n      - perimeter_mean\\n      - area_mean\\n      - smoothness_mean\\n      - compactness_mean\\n      - concavity_mean\\n      - concave points_mean\\n      - symmetry_mean\\n      - fractal_dimension_mean\\n      - radius_se\\n      - texture_se\\n      - perimeter_se\\n      - area_se\\n      - smoothness_se\\n      - compactness_se\\n      - concavity_se\\n      - concave points_se\\n      - symmetry_se\\n      - fractal_dimension_se\\n      - radius_worst\\n      - texture_worst\\n      - perimeter_worst\\n      - area_worst\\n      - smoothness_worst\\n      - compactness_worst\\n      - concavity_worst\\n      - concave points_worst\\n      - symmetry_worst\\n  FieldValidations:\\n    id:\\n      type: integer\\n      conditions:\\n        - 'null'\\n        - int\\n      action: drop\\n    diagnosis:\\n      type: String\\n      conditions:\\n        - 'null'\\n        - string\\n      action: drop\\n    radius_mean:\\n      type: integer\\n      conditions:\\n        - 'null'\\n      action: drop\\n    texture_mean:\\n      type: integer\\n      conditions:\\n        - 'null'\\n      action: drop\\n    perimeter_mean:\\n      type: integer\\n      conditions:\\n        - 'null'\\n      action: drop\\n    area_mean:\\n      type: integer\\n      conditions:\\n        - 'null'\\n      action: drop\\n    smoothness_mean:\\n      type: integer\\n      conditions:\\n        - 'null'\\n      action: drop\\n    compactness_mean:\\n      type: integer\\n      conditions:\\n        - 'null'\\n      action: drop\\n    concavity_mean:\\n      type: integer\\n      conditions:\\n        - 'null'\\n      action: drop\\n    concave points_mean:\\n      type: integer\\n      conditions:\\n        - 'null'\\n      action: drop\\n    symmetry_mean:\\n      type: integer\\n      conditions:\\n        - 'null'\\n      action: drop\\n    fractal_dimension_mean:\\n      type: integer\\n      conditions:\\n        - 'null'\\n      action: drop\\n    radius_se:\\n      type: integer\\n      conditions:\\n        - 'null'\\n      action: drop\\n    texture_se:\\n      type: integer\\n      conditions:\\n        - 'null'\\n      action: drop\\n    perimeter_se:\\n      type: integer\\n      conditions:\\n        - 'null'\\n      action: drop\\n    area_se:\\n      type: integer\\n      conditions:\\n        - 'null'\\n      action: drop\\n    smoothness_se:\\n      type: integer\\n      conditions:\\n        - 'null'\\n      action: drop\\n    compactness_se:\\n      type: integer\\n      conditions:\\n        - 'null'\\n      action: drop\\n    concavity_se:\\n      type: integer\\n      conditions:\\n        - 'null'\\n      action: drop\\n    concave points_se:\\n      type: integer\\n      conditions:\\n        - 'null'\\n      action: drop\\n    symmetry_se:\\n      type: integer\\n      conditions:\\n        - 'null'\\n      action: drop\\n    fractal_dimension_se:\\n      type: integer\\n      conditions:\\n        - 'null'\\n      action: drop\\n    radius_worst:\\n      type: integer\\n      conditions:\\n        - 'null'\\n      action: drop\\n    texture_worst:\\n      type: integer\\n      conditions:\\n        - 'null'\\n      action: drop\\n    perimeter_worst:\\n      type: integer\\n      conditions:\\n        - 'null'\\n      action: drop\\n    area_worst:\\n      type: integer\\n      conditions:\\n        - 'null'\\n      action: drop\\n    smoothness_worst:\\n      type: integer\\n      conditions:\\n        - 'null'\\n      action: drop\\n    compactness_worst:\\n      type: integer\\n      conditions:\\n        - 'null'\\n      action: drop\\n    concavity_worst:\\n      type: integer\\n      conditions:\\n        - 'null'\\n      action: drop\\n    concave points_worst:\\n      type: integer\\n      conditions:\\n        - 'null'\\n      action: drop\\n    symmetry_worst:\\n      type: integer\\n      conditions:\\n        - 'null'\\n      action: drop\\noutputs:\\n  dest:\\n    FileName: batch_data_cleansed\\n    FileSourceType: S3\\n    ContentType: Text/CSV\\n    FilePath: ${context['pipeline_execution']['BaseLocation']}" }
        }
      }
    } , {
      "PutRequest": {
        "Item": {
          "type": { "S": "moduleConfigVersion" },
          "id": { "N": "944383716" },
          "moduleConfig": { "S": "MetaData:\\n  name: ParallelInferences\\n  description: Do Batch Prediction\\n  id: 123e4567-e89b-12d3-a456-426614174000\\n  type: parallel\\n\\nModules:\\n  BatchInference1:\\n    ModuleId: 1598592292\\n  BatchInference2:\\n    ModuleId: 1598592293\\n\\ninputs:\\n  Branch:\\n    - Name: BatchInference1\\n    - Name: BatchInference2" }
        }
      }
    } , {
      "PutRequest": {
        "Item": {
          "type": { "S": "moduleConfigVersion" },
          "id": { "N": "944439433" },
          "moduleConfig": { "S": "MetaData:\\n  name: CompareResults\\n  description: Compare Results from Different Predictions\\n  id: 123e4567-e89b-12d3-a456-426614174000\\n  type: ecs\\n  resource: arn:aws:lambda:ap-south-1:453383428584:function:DataValidator-dev-DataValidator\\ndeployment:\\n  ArtifactLocation: ${context['pipeline_execution']['BaseLocation']}\\n  handler: handler.py\\n  CPU: 256\\n  Memory: 512\\ninputs:\\n  - FilePath: ${context['pipeline_execution']['BaseLocation']}/output1\\n    FileName: batch_data_cleansed.csv.out\\n    FileSourceType: S3\\n    ContentType: text/csv\\n  - FilePath: ${context['pipeline_execution']['BaseLocation']}/output2\\n    FileName: batch_data_cleansed.csv.out\\n    FileSourceType: S3\\n    ContentType: text/csv\\n\\noutputs:\\n  dest:\\n    FileName: compared_results\\n    FileSourceType: S3\\n    ContentType: Text/CSV\\n    FilePath: ${context['pipeline_execution']['BaseLocation']}" }
        }
      }
    } , {
      "PutRequest": {
        "Item": {
          "type": { "S": "moduleConfigVersion" },
          "id": { "N": "944476202" },
          "moduleConfig": { "S": "MetaData:\\n  name: NotifyResults\\n  description: Was the Prediction Successful?\\n  id: 123e4567-e89b-12d3-a456-426614174000\\n  type: choice\\n\\nModules:\\n  NotifySuccess:\\n    ModuleId: 1598592297\\n  NotifyFailure:\\n    ModuleId: 1598592296\\n\\ninputs:\\n  - Condition:\\n      Variable:  ${context['step_execution']['combineresults']}.output()['StatusCode']\\n      Expression: NumericEquals\\n      ExpressionValue: 200\\n      Next: NotifySuccess\\n  - Condition:\\n      Variable:  ${context['step_execution']['combineresults']}.output()['StatusCode']\\n      Expression: NumericEquals\\n      ExpressionValue: 500\\n      Next: NotifyFailure" }
        }
      }
    } , {
      "PutRequest": {
        "Item": {
          "type": { "S": "moduleConfigVersion" },
          "id": { "N": "1598592292" },
          "moduleConfig": { "S": "MetaData:\\n  name: BatchInference1\\n  description: Predict Result using model 1\\n  id: 123e4567-e89b-12d3-a456-426614174000\\n  type: batch_inference\\ndeployment:\\n  ArtifactLocation: https://cdk-modules-s3workflowbaselocationb2150c8a-1a6i3gaajw23j.s3.ap-south-1.amazonaws.com/model.tar.gz\\n  image: xgboost\\n  model_name: XGBOOST-BreastCancerPrediction\\n  instance_count: 1\\ninputs:\\n  FilePath: ${context['pipeline_execution']['BaseLocation']}/batch_data_cleansed\\n  FileSourceType: S3\\n  ContentType: text/csv\\n\\noutputs:\\n  dest:\\n    FileName: batch_data_cleansed\\n    FileSourceType: S3\\n    ContentType: Text/CSV\\n    FilePath: ${context['pipeline_execution']['BaseLocation']}/output1" }
        }
      }
    } , {
      "PutRequest": {
        "Item": {
          "type": { "S": "moduleConfigVersion" },
          "id": { "N": "1598592293" },
          "moduleConfig": { "S": "MetaData:\\n  name: BatchInference2\\n  description: Predict Result using model 2\\n  id: 123e4567-e89b-12d3-a456-426614174000\\n  type: batch_inference\\ndeployment:\\n  ArtifactLocation: https://cdk-modules-s3workflowbaselocationb2150c8a-1a6i3gaajw23j.s3.ap-south-1.amazonaws.com/model.tar.gz\\n  image: xgboost\\n  model_name: XGBOOST-BreastCancerPrediction\\n  instance_count: 1\\ninputs:\\n  FilePath: ${context['pipeline_execution']['BaseLocation']}/batch_data_cleansed\\n  FileSourceType: S3\\n  ContentType: text/csv\\n\\noutputs:\\n  dest:\\n    FileName: batch_data_cleansed\\n    FileSourceType: S3\\n    ContentType: Text/CSV\\n    FilePath: ${context['pipeline_execution']['BaseLocation']}/output2" }
        }
      }
    } , {
      "PutRequest": {
        "Item": {
          "type": { "S": "moduleConfigVersion" },
          "id": { "N": "1598592296" },
          "moduleConfig": { "S": "MetaData:\\n  name: NotifyFailure\\n  description: Send a Failure Notification\\n  id: 123e4567-e89b-12d3-a456-426614174000\\n  type: notify_email\\ndeployment:\\n  TopicArn: ${context['pipeline_execution']['NotificationArn']}\\ninputs:\\n  Message: Inference Pipeline was a failure." }
        }
      }
    } , {
      "PutRequest": {
        "Item": {
          "type": { "S": "moduleConfigVersion" },
          "id": { "N": "1598592297" },
          "moduleConfig": { "S": "MetaData:\\n  name: NotifySuccess\\n  description: Send a Success Notification\\n  id: 123e4567-e89b-12d3-a456-426614174000\\n  type: notify_email\\ndeployment:\\n  TopicArn: ${context['pipeline_execution']['NotificationArn']}\\ninputs:\\n  Message: Inference Pipeline was successful." }
        }
      }
    } , {
      "PutRequest": {
        "Item": {
          "type": { "S": "moduleConfigVersion" },
          "id": { "N": "1598944227" },
          "moduleConfig": { "S": "MetaData:\\n  name: BatchInference1\\n  description: Predict Result using model 2\\n  id: 123e4567-e89b-12d3-a456-426614174000\\n  type: batch_inference\\ndeployment:\\n  ArtifactLocation: https://cdk-modules-s3workflowbaselocationb2150c8a-1a6i3gaajw23j.s3.ap-south-1.amazonaws.com/model.tar.gz\\n  image: xgboost\\n  model_name: XGBOOST-BreastCancerPrediction\\n  instance_count: 1\\ninputs:\\n  FilePath: ${context['pipeline_execution']['BaseLocation']}/batch_data_cleansed\\n  FileSourceType: S3\\n  ContentType: text/csv\\n\\noutputs:\\n  dest:\\n    FileName: batch_data_cleansed\\n    FileSourceType: S3\\n    ContentType: Text/CSV\\n    FilePath: ${context['pipeline_execution']['BaseLocation']}/output1" }
        }
      }
    }  ]
}